barrier,*
waterway,*
man_made,*
building,*
amenity,*
sport,*
landuse,industrial
leisure,bandstand
leisure,bird_hide
leisure,bleachers
leisure,firepit
leisure,garden
leisure,golf_course
leisure,horse_riding
leisure,ice_rink
leisure,marina
leisure,miniature_golf
leisure,outdoor_seating
leisure,picnic_table
leisure,pitch
leisure,playground
leisure,sauna
leisure,sports_centre
leisure,sports_hall
leisure,stadium
leisure,swimming_pool
leisure,swimming_area
leisure,water_park
leisure,wildlife_hide
historic,*
natural,bay
natural,blowhole
natural,coastline
natural,crevasse
natural,mud
natural,reef
natural,strait
natural,water
natural,wetland
natural,arete
natural,cliff
natural,earth_bank
natural,gully
natural,ridge
natural,rock
natural,sinkhole
natural,marsh
natural,shrubbery
tourism,artwork
tourism,aquarium
tourism,theme_park
tourism,zoo
